Exp	Include	Protein	Batch	Ligand	Model	T_off	Kd_c	Kd_c_err	kon	kon_err	koff	koff_err	Chi_sq_c	R_sq_c	Kd_s	Kd_s_err	R_sq_s
eH083	T	ScPho4 DBD refolded	rH016	UASp2 CAC	1:1	500	8.22E-10	7.11E-11	9.69E+04	1.06E+03	7.97E-05	6.84E-06	47.9173	0.9527	4.80E-09	2.40E-09	0.7999
eH084	T	ScPho4 DBD refolded	rH016	UASp2 CAG	1:1	10	1.45E-07	1.48E-09	7.33E+04	3.91E+02	1.06E-02	9.24E-05	0.2513	0.9988	1.20E-07	6.40E-09	0.9973
eH085	T	ScPho4 DBD refolded	rH016	UASp2 AAC	1:1	60	4.21E-08	7.40E-10	5.25E+04	3.70E+02	2.21E-03	3.56E-05	4.1076	0.9894	2.90E-08	3.40E-09	0.9801
eH086	T	ScPho4 DBD refolded	rH016	UASp2 TAC	1:1	10	1.17E-07	1.26E-09	7.18E+04	3.75E+02	8.37E-03	7.89E-05	0.245	0.9986	9.70E-08	1.30E-08	0.9834
eH087	T	ScPho4 DBD refolded	rH016	UASp2 GAC	1:1	10	1.81E-07	1.94E-09	5.51E+04	2.96E+02	9.97E-03	9.25E-05	0.2039	0.9989	2.30E-07	7.00E-08	0.9362
eH088	T	ScPho4 DBD refolded	rH016	UASp2 CTC	1:1	60	4.86E-08	7.40E-10	7.05E+04	5.50E+02	3.42E-03	4.48E-05	4.5068	0.9884	2.60E-08	4.60E-09	0.9571
eH089	T	ScPho4 DBD refolded	rH016	UASp2 CCC	1:1	60	7.87E-08	9.87E-10	5.33E+04	3.89E+02	4.19E-03	4.27E-05	3.2536	0.9919	4.40E-08	3.30E-09	0.9928
eH090	T	ScPho4 DBD refolded	rH016	UASp2 CGC	1:1	60	1.49E-07	2.04E-09	5.00E+04	4.61E+02	7.43E-03	7.57E-05	0.0952	0.9767	2.70E-08	3.60E-09	0.9718
eH091	T	ScPho4 DBD refolded	rH016	UASp2 CAA	1:1	10	2.84E-07	7.38E-09	4.34E+04	7.01E+02	1.23E-02	2.51E-04	0.3359	0.9947	2.70E-07	3.10E-08	0.9927
eH092	T	ScPho4 DBD refolded	rH016	UASp2 CAT	1:1	60	4.87E-08	8.94E-10	4.79E+04	3.75E+02	2.33E-03	3.88E-05	4.833	0.9884	3.10E-08	5.90E-09	0.9517
eH093	F	ScPho4 DBD refolded	rH016	UASp1 CACGTT	NA	NA	NA	NA	NA	NA	NA	NA	NA	NA	NA	NA	NA
eH094	F	ScPho4 DBD refolded	rH016a	UASp2 CAC	1:1	600	NA	1.01E-10	6.19E+04	4.22E+02	NA	NA	47.4392	0.9711	2.00E-09	9.40E-10	0.61
eH095	F	ScPho4 DBD refolded	rH016a	UASp1 CACGTT	1:1	600	NA	9.71E-11	5.57E+04	3.14E+02	NA	NA	29.6785	0.9795	2.20E-09	6.10E-10	0.8291
eH096	F	ScPho4 DBD refolded	rH016a	UASp2 GAC	1:1	10	1.30E-07	1.43E-09	7.76E+04	4.30E+02	1.01E-02	9.57E-05	0.153	0.999	1.70E-07	1.10E-08	0.997
eH097	F	ScPho4 DBD refolded	rH016a	UASp2 CAG	1:1	10	1.80E-07	3.12E-09	6.59E+04	6.10E+02	1.19E-02	1.73E-04	0.5225	0.9968	1.60E-07	1.70E-08	0.9906
eH098	F	ScPho4 DBD refolded	rH016a	UASp2 AAC	1:1	60	4.29E-08	8.63E-10	5.51E+04	4.77E+02	2.37E-03	4.29E-05	5.987	0.9846	2.40E-08	5.90E-09	0.9123
eH099	F	ScPho4 DBD refolded	rH016a	UASp2 TAC	1:1	10	1.07E-07	9.71E-10	5.70E+04	2.26E+02	6.08E-03	4.99E-05	0.2395	0.999	1.40E-07	1.10E-08	0.9943
eH100	F	ScPho4 DBD refolded	rH016a	UASp2 CTC	1:1	60	1.20E-07	2.08E-09	4.40E+04	4.99E+02	5.27E-03	6.95E-05	6.999	0.9868	6.00E-08	1.50E-08	0.945
eH101	F	ScPho4 DBD refolded	rH016a	UASp2 GAC	1:1	10	2.23E-07	2.22E-09	5.65E+04	3.17E+02	1.26E-02	1.03E-04	0.1952	0.9989	1.80E-07	1.30E-08	0.9959
eH102	F	ScPho4 DBD refolded	rH016a	UASp2 CCC	1:1	60	2.10E-07	3.28E-09	4.56E+04	5.69E+02	9.56E-03	9.00E-05	4.3816	0.9787	6.90E-08	6.60E-09	0.9821
eH103	F	ScPho4 DBD refolded	rH016a	UASp2 CGC	1:1	60	1.62E-07	2.79E-09	3.68E+04	4.28E+02	5.96E-03	7.56E-05	4.8389	0.9791	7.80E-08	1.10E-08	0.9638
eH104	F	ScPho4 DBD refolded	rH016a	UASp2 CAA	1:1	10	6.32E-07	1.55E-08	3.94E+04	7.75E+02	2.49E-02	3.61E-04	0.1444	0.9969	2.90E-07	4.90E-08	0.9856
eH105	F	ScPho4 DBD refolded	rH016a	UASp2 CAT	1:1	60	1.67E-07	2.22E-09	4.18E+04	4.13E+02	6.99E-03	6.20E-05	4.5488	0.9907	5.60E-08	1.30E-08	0.9499
eH106	T	CgPho4 DBD refolded	rH017	UASp2 CAC	1:1	600	1.48E-09	1.69E-11	4.05E+05	2.79E+03	5.99E-04	5.43E-06	33.4682	0.9368	9.80E-10	4.40E-11	0.9952
eH107	T	CgPho4 DBD refolded	rH017	UASp2 AAC	1:1	60	4.18E-08	1.51E-09	4.07E+05	1.42E+04	1.70E-02	1.65E-04	0.469	0.9555	2.80E-08	2.20E-09	0.9903
eH108	T	CgPho4 DBD refolded	rH017	UASp2 CAA	1:1	10	3.14E-07	6.16E-09	3.56E+05	6.16E+03	1.12E-01	1.03E-03	0.8314	0.9981	2.40E-07	2.30E-08	0.9936
eH109	T	CgPho4 DBD refolded	rH017	UASp2 CAG	1:1	10	1.35E-07	1.71E-09	4.44E+05	4.40E+03	5.98E-02	4.79E-04	0.6422	0.9985	7.80E-08	5.70E-09	0.9942
eH110	T	CgPho4 DBD refolded	rH017	UASp2 CAT	1:1	60	2.00E-08	5.98E-10	5.53E+05	1.58E+04	1.11E-02	9.33E-05	0.183	0.9591	1.00E-08	9.30E-10	0.9779
eH111	T	CgPho4 DBD refolded	rH017	UASp2 CCC	1:1	60	2.17E-08	2.38E-10	3.77E+05	3.17E+03	8.18E-03	5.77E-05	4.8757	0.9837	1.30E-08	1.10E-09	0.9838
eH112	T	CgPho4 DBD refolded	rH017	UASp2 CGC	1:1	60	4.28E-08	4.65E-10	4.64E+05	4.66E+03	1.98E-02	8.28E-05	2.4803	0.9945	3.60E-08	5.10E-09	0.9734
eH113	T	CgPho4 DBD refolded	rH017	UASp2 CTC	1:1	60	2.46E-08	2.14E-10	4.19E+05	3.03E+03	1.03E-02	4.97E-05	3.0171	0.985	8.40E-09	6.30E-10	0.9821
eH114	T	CgPho4 DBD refolded	rH017	UASp2 GAC	1:1	10	2.70E-07	5.68E-09	2.83E+05	4.92E+03	7.63E-02	9.04E-04	1.742	0.9969	1.50E-07	1.20E-08	0.9943
eH115	T	CgPho4 DBD refolded	rH017	UASp2 TAC	1:1	10	1.89E-07	3.08E-09	3.66E+05	4.81E+03	6.91E-02	6.73E-04	1.0815	0.998	1.20E-07	9.40E-09	0.9948
eH116	T	CgPho4 DBD refolded	rH017	UASp1 CACGTT	1:1	600	3.40E-09	1.99E-11	5.99E+05	3.20E+03	2.04E-03	4.84E-06	12.1007	0.9764	2.50E-09	2.50E-09	0.9483
eH117	T	CgPho4 DBD refolded	rH017	UASp2 CAC	1:1	200	1.15E-09	2.62E-11	5.82E+05	4.16E+03	6.69E-04	1.45E-05	13.1496	0.9552	6.30E-10	1.70E-10	0.8281
eH118	T	CgPho4 DBD refolded	rH017	UASp2 CAA	1:1	10	2.90E-07	6.08E-09	3.48E+05	6.33E+03	1.01E-01	1.05E-03	0.8603	0.9976	2.10E-07	1.90E-08	0.9936
eH120	T	CgPho4 DBD refolded	rH018	UASp2 CAC	1:1	600	9.08E-10	8.81E-12	6.92E+05	4.44E+03	6.29E-04	4.57E-06	5.8376	0.9784	1.20E-09	2.50E-10	0.9503
eH122	T	CgPho4 DBD refolded	rH018	UASp2 CAC	1:1	600	1.03E-09	9.09E-12	6.61E+05	4.07E+03	6.77E-04	4.33E-06	4.0364	0.9795	1.10E-09	1.10E-10	0.9869
eH123	T	CgPho4 DBD refolded	rH018	UASp2 CAT	1:1	60	1.80E-08	1.76E-10	5.68E+05	4.49E+03	1.02E-02	5.91E-05	1.3369	0.9888	7.30E-09	5.90E-10	0.9848
eH124	T	CgPho4 DBD refolded	rH018	UASp2 CCC	1:1	60	1.98E-08	1.76E-10	6.31E+05	4.67E+03	1.25E-02	6.05E-05	0.8859	0.9962	1.10E-08	1.40E-09	0.9789
eH125-c1	T	CgPho4 DBD refolded	rH018	UASp2 CTC	1:1	60	1.79E-08	2.53E-10	5.40E+05	6.00E+03	9.68E-03	8.42E-05	0.9309	0.9922	1.20E-08	NA	0.9871
eH125-c2	F	CgPho4 DBD refolded	rH018	UASp2 CTC	1:1	60	2.31E-08	3.08E-10	6.37E+05	7.36E+03	1.47E-02	9.79E-05	0.5658	0.994	1.50E-08	NA	0.9878
eH125-c3	F	CgPho4 DBD refolded	rH018	UASp2 CTC	1:1	60	2.84E-08	3.51E-10	7.10E+05	7.94E+03	2.02E-02	1.07E-04	0.3291	0.9959	2.00E-08	NA	0.9908
eH126-c1	F	CgPho4 DBD refolded	rH018	UASp2 CAA	1:1	10	1.21E-07	8.70E-09	8.28E+05	5.26E+04	1.00E-01	3.38E-03	0.0547	0.9726	9.30E-08	NA	0.9628
eH126-c2	F	CgPho4 DBD refolded	rH018	UASp2 CAA	1:1	10	1.31E-07	9.03E-09	9.95E+05	6.27E+04	1.30E-01	3.66E-03	0.0338	0.9788	9.30E-08	NA	0.9513
eH126-c3	F	CgPho4 DBD refolded	rH018	UASp2 CAA	1:1	10	1.37E-07	9.55E-09	1.13E+06	7.30E+04	1.55E-01	4.03E-03	0.0238	0.9812	9.40E-08	NA	0.9429
eH127	F	CgPho4 DBD refolded	rH018	UASp2 CAA	1:1	10	1.17E-07	8.54E-09	1.02E+06	6.83E+04	1.19E-01	3.42E-03	0.1258	0.9805	1.70E-07	8.10E-09	0.9979
eH128-1	F	CgPho4 DBD refolded	rH018a	UASp2 AAC	1:1	60	3.15E-08	5.85E-10	5.13E+05	8.48E+03	1.62E-02	1.38E-04	0.7034	0.9894	2.80E-08	2.60E-09	0.9914
eH128-2	T	CgPho4 DBD refolded	rH018a	UASp2 AAC	2:1	240.2	3.42E-08	1.03E-11	8.30E+05	1.45E+04	2.83E-02	2.51E-04	0.3729	0.996	2.80E-08	5.20E-09	0.9669
eH129	F	ScPho4 DBD refolded	rH019	UASp2 CAC	1:1	600	1.32E-08	2.04E-10	5.38E+04	6.08E+02	7.09E-04	7.51E-06	13.5096	0.9642	2.40E-08	6.10E-09	0.9805
eH130	F	ScPho4 DBD refolded	rH019	UASp2 CAC	1:1	600	1.52E-08	2.10E-10	5.23E+04	5.30E+02	7.94E-04	7.51E-06	17.0159	0.9613	1.80E-08	5.20E-09	0.9578
eH131	F	ScPho4 DBD refolded	rH019	UASp2 AAC	1:1	600	7.01E-08	2.37E-09	3.48E+05	1.12E+04	2.44E-02	2.54E-04	0.3042	0.9698	4.20E-08	1.80E-08	0.8463
eH132	F	Mixture of Sc/CgPho4 DBD	rH022	UASp2 CAC	NA	NA	NA	NA	NA	NA	NA	NA	NA	NA	NA	NA	NA
eH133	T	CgPho4 DBD refolded	rH021a	UASp2 CTC	1:1	60	2.99E-08	4.03E-10	2.69E+05	2.69E+03	8.04E-03	7.29E-05	1.4916	0.9944	2.20E-08	2.10E-09	0.9939
eH134	T	CgPho4 DBD refolded	rH021a	UASp2 CCC	1:1	60	2.05E-08	2.34E-10	4.09E+05	3.36E+03	8.38E-03	6.67E-05	0.2928	0.9964	3.00E-08	8.20E-09	0.9607
eH135	T	CgPho4 DBD refolded	rH021a	UASp2 CAC	1:1	600	1.46E-09	1.23E-11	4.50E+05	2.57E+03	6.58E-04	4.08E-06	4.7387	0.9872	2.00E-09	3.20E-10	0.9772
eH136	T	CgPho4 DBD refolded	rH021b	UASp2 CAC	1:1	600	1.06E-09	1.02E-11	5.01E+05	2.93E+03	5.30E-04	4.09E-06	6.3418	0.9838	1.50E-09	2.20E-10	0.9727
eH137	T	CgPho4 DBD refolded	rH021b	UASp2 AAC	1:1	60	3.40E-08	4.98E-10	5.57E+05	7.49E+03	1.89E-02	1.11E-04	0.4311	0.9938	2.70E-08	7.00E-09	0.9397
eH138	T	CgPho4 DBD refolded	rH021a	UASp2 TAC	1:1	10	2.10E-07	5.01E-09	4.32E+05	8.98E+03	9.06E-02	1.06E-03	0.0547	0.9979	2.70E-07	5.70E-08	0.9829
eH139	T	CgPho4 DBD refolded	rH021a	UASp2 GAC	1:1	10	2.42E-07	7.50E-09	3.65E+05	9.68E+03	8.82E-02	1.42E-03	0.238	0.996	3.40E-07	1.00E-07	0.9562
eH140	T	CgPho4 DBD refolded	rH021a	UASp2 AAC	1:1	60	4.06E-08	5.88E-10	4.56E+05	6.02E+03	1.85E-02	1.11E-04	0.2384	0.9951	4.30E-08	1.30E-08	0.9232
eH141	T	CgPho4 DBD refolded	rH021a	UASp2 CGC	1:1	60	4.28E-08	6.73E-10	4.98E+05	7.21E+03	2.13E-02	1.32E-04	0.1741	0.9944	3.90E-08	8.00E-09	0.964
eH142	T	CgPho4 DBD refolded	rH021a	UASp2 CAA	1:1	10	3.51E-07	1.66E-08	2.58E+05	1.04E+04	9.05E-02	2.25E-03	0.1945	0.9905	5.40E-07	4.90E-08	0.9965
eH142-2	T	CgPho4 DBD refolded	rH021a	UASp2 CAA	2:1 HL	101.2	2.74E-07	7.48E-10	6.58E+05	1.54E+04	1.80E-01	1.80E-03	0.0354	0.9989	4.50E-07	6.90E-08	0.9887
eH143	T	CgPho4 DBD refolded	rH021a	UASp2 CAT	1:1	60	2.02E-08	2.95E-10	3.96E+05	4.22E+03	8.00E-03	8.00E-05	0.8755	0.9915	2.10E-08	2.10E-09	0.9882
eH144	T	CgPho4 DBD refolded	rH021b	UASp2 CAA	1:1	10	2.55E-07	1.15E-08	4.00E+05	1.58E+04	1.02E-01	2.22E-03	0.1513	0.9917	4.30E-07	2.60E-08	0.9981
eH144-2	T	CgPho4 DBD refolded	rH021b	UASp2 CAA	2:1 HL	208.6	2.30E-07	4.71E-10	7.61E+05	1.74E+04	1.75E-01	1.56E-03	0.0651	0.9983	2.80E-07	3.30E-08	0.9913
eH145	T	ScPho4 DBD refolded	rH023	UASp2 CAC	1:1	600	4.79E-09	5.65E-11	1.66E+05	1.43E+03	7.95E-04	6.42E-06	14.3193	0.9755	7.40E-09	1.90E-09	0.9746
eH146	T	ScPho4 DBD refolded	rH023	UASp2 AAC	1:1	60	2.60E-08	4.74E-10	4.18E+05	6.12E+03	1.09E-02	1.18E-04	1.4571	0.9905	2.90E-08	1.00E-08	0.9027
eH147	T	ScPho4 DBD refolded	rH023	UASp2 TAC	1:1	10	1.03E-07	2.60E-09	4.53E+05	8.47E+03	4.68E-02	7.90E-04	0.1697	0.9965	8.50E-08	1.10E-08	0.9804
eH148	T	ScPho4 DBD refolded	rH023	UASp2 GAC	1:1	10	1.27E-07	2.55E-09	4.97E+05	8.00E+03	6.31E-02	7.59E-04	0.1663	0.9972	1.00E-07	1.80E-08	0.969
eH149	T	CgPho4 DBD refolded	rH021b	UASp2 TAC	1:1	10	1.71E-07	4.44E-09	4.87E+05	1.07E+04	8.34E-02	1.13E-03	0.0274	0.9974	1.90E-07	1.30E-08	0.9976
eH150	T	ScPho4 DBD refolded	rH023	UASp2 CTC	1:1	60	2.77E-08	5.80E-10	4.91E+05	8.63E+03	1.36E-02	1.55E-04	1.1261	0.9878	2.40E-08	9.60E-09	0.8961
eH151	T	ScPho4 DBD refolded	rH023	UASp2 CCC	1:1	60	3.84E-08	5.37E-10	4.39E+05	5.39E+03	1.69E-02	1.13E-04	0.8169	0.9952	4.50E-08	1.30E-08	0.9504
eH152	T	ScPho4 DBD refolded	rH023	UASp2 CGC	1:1	60	3.77E-08	6.64E-10	4.71E+05	7.37E+03	1.77E-02	1.43E-04	0.6354	0.9922	3.50E-08	1.10E-08	0.9308
eH153	T	ScPho4 DBD refolded	rH023	UASp2 CAA	1:1	10	2.58E-07	6.16E-09	5.02E+05	1.08E+04	1.30E-01	1.32E-03	0.1025	0.998	2.90E-07	3.10E-08	0.9921
eH154	T	ScPho4 DBD refolded	rH023	UASp2 CAT	1:1	60	3.65E-08	5.01E-10	3.91E+05	4.56E+03	1.43E-02	1.03E-04	1.0339	0.9948	4.00E-08	1.20E-08	0.9383
eH155	T	ScPho4 DBD refolded	rH023	UASp2 CAG	1:1	10	1.50E-07	2.76E-09	4.56E+05	6.94E+03	6.82E-02	7.17E-04	0.211	0.9977	1.20E-07	2.70E-08	0.9487
eH156	T	CgPho4 DBD refolded	rH021b	UASp2 CAG	1:1	10	1.79E-07	5.45E-09	4.59E+05	1.20E+04	8.21E-02	1.30E-03	0.1448	0.995	1.80E-07	1.40E-08	0.9951
eH158	T	ScPho4 DBD refolded	rH024	UASp2 CAC	1:1	600	9.55E-09	1.22E-10	7.73E+04	7.04E+02	7.39E-04	6.66E-06	10.4842	0.9704	1.20E-08	9.10E-10	0.9976
eH159	T	ScPho4 DBD refolded	rH024	UASp2 CAA	1:1	10	5.47E-07	1.14E-08	2.27E+05	4.22E+03	1.24E-01	1.15E-03	0.048	0.9986	9.30E-07	2.10E-07	0.981
eH160	T	ScPho4 DBD refolded	rH024	UASp2 CAG	1:1	10	2.04E-07	5.52E-09	3.12E+05	6.66E+03	6.38E-02	1.06E-03	0.1065	0.9965	2.80E-07	2.60E-08	0.9937
eH161	T	ScPho4 DBD refolded	rH024	UASp2 CAG	1:1	10	1.41E-07	2.92E-09	2.56E+05	3.40E+03	3.62E-02	5.72E-04	0.1596	0.9973	1.50E-07	1.70E-08	0.9858
eH162	T	ScPho4 DBD refolded	rH024	UASp2 AAC	1:1	60	3.28E-08	6.43E-10	2.21E+05	2.99E+03	7.26E-03	1.03E-04	1.6199	0.9884	3.20E-08	7.40E-09	0.9511
eH163	T	ScPho4 DBD refolded	rH024	UASp2 TAC	1:1	10	1.43E-07	3.02E-09	2.72E+05	3.92E+03	3.87E-02	6.01E-04	0.2068	0.9971	1.50E-07	3.50E-08	0.9484
eH164	T	ScPho4 DBD refolded	rH024	UASp2 GAC	1:1	10	1.37E-07	2.71E-09	2.67E+05	3.51E+03	3.67E-02	5.41E-04	0.1029	0.9968	6.70E-08	3.90E-08	0.6544
eH165	F	ScPho4 DBD refolded	rH024b	UASp2 CAC	1:1	600	3.36E-09	5.25E-11	1.32E+05	1.02E+03	4.43E-04	5.99E-06	14.636	0.9747	7.60E-09	3.30E-09	0.9331
eH166	F	ScPho4 DBD refolded	rH024b	UASp2 CTC	1:1	60	1.50E-08	4.21E-10	2.20E+05	2.62E+03	3.30E-03	8.40E-05	0.9183	0.9905	3.10E-08	7.70E-09	0.962
eH167	T	ScPho4 DBD refolded	rH024b	UASp2 CCC	1:1	60	4.44E-08	7.60E-10	2.73E+05	3.85E+03	1.21E-02	1.17E-04	0.8354	0.9883	2.90E-08	5.70E-09	0.9576
eH168	T	ScPho4 DBD refolded	rH024b	UASp2 AAC	1:1	60	2.48E-08	4.22E-10	2.71E+05	3.10E+03	6.73E-03	8.49E-05	1.2823	0.991	2.20E-08	5.20E-09	0.9461
eH169	T	ScPho4 DBD refolded	rH024b	UASp2 CGC	1:1	60	4.30E-08	5.70E-10	2.88E+05	3.18E+03	1.24E-02	9.14E-05	0.8017	0.9943	3.00E-08	5.80E-09	0.9671
eH170	T	ScPho4 DBD refolded	rH024b	UASp2 CAT	1:1	60	2.58E-08	4.55E-10	2.81E+05	3.43E+03	7.23E-03	9.21E-05	1.2628	0.9906	2.40E-08	6.70E-09	0.931
eH171	T	ScPho4 DBD refolded	rH024b	UASp2 TAC	1:1	10	8.98E-08	2.36E-09	3.22E+05	4.91E+03	2.89E-02	6.18E-04	0.1263	0.9959	1.10E-07	2.10E-08	0.9611
eH172	T	ScPho4 DBD refolded	rH024b	UASp2 GAC	1:1	10	1.55E-07	3.63E-09	3.21E+05	5.36E+03	4.99E-02	8.13E-04	0.0978	0.9965	1.20E-07	1.40E-08	0.9886
eH173	T	ScPho4 DBD refolded	rH024b	UASp2 CAA	1:1	10	3.36E-07	6.06E-09	2.83E+05	4.45E+03	9.49E-02	8.34E-04	0.0352	0.9984	2.10E-07	2.60E-08	0.9885
eH174	T	ScPho4 DBD refolded	rH024b	UASp2 CAG	1:1	10	1.30E-07	2.22E-09	3.06E+05	3.62E+03	3.99E-02	4.91E-04	0.1025	0.9973	6.90E-08	1.80E-08	0.9188
eH175	T	ScPho4 DBD refolded	rH024b	UASp2 CAC	1:1	600	3.93E-09	4.59E-11	1.30E+05	8.41E+02	5.10E-04	4.96E-06	13.0564	0.9805	6.90E-09	2.30E-09	0.9381
eH176	T	ScPho4 DBD refolded	rH024b	UASp2 CTC	1:1	60	2.34E-08	4.50E-10	3.12E+05	3.99E+03	7.31E-03	1.05E-04	0.4641	0.9919	2.30E-08	7.50E-09	0.9532
